id,model_code,equipment_type_id,manufacturer_id,is_active,created_at,updated_at
0039860b-9c6d-4008-aaf6-644f70808b1c,4600tlm_g2,inverter,Sofar,1,2025-11-27 15:07:16,2025-11-28 12:26:31
00902991-b9ce-4803-889d-3114afbaad3b,multiplus_ii_48_10000_140_100,inverter,Victron,1,2025-11-27 15:07:16,2025-11-28 12:26:31
011840b8-1a13-4333-aba6-38070a742ad3,easysolar_24_3000_70_50,inverter,Victron,1,2025-11-27 15:07:15,2025-11-28 12:26:11
016b3678-8ea6-4f90-b97d-37f3d104cca7,b4850,battery,Dyness,1,2025-11-27 15:07:15,2025-11-28 12:26:11
01a33412-3001-431b-8698-ea7b869a09bf,sg40cx_p2,inverter,Sungrow,1,2025-11-27 15:07:16,2025-11-28 12:26:31
028559d5-096f-43d0-b45a-fbbd72815626,1100tl_g3,inverter,Sofar,1,2025-11-27 15:07:16,2025-11-28 12:26:31
02a4b15e-2c47-4a45-8762-3970ac35bac8,5ktlm_g3,inverter,Sofar,1,2025-11-27 15:07:16,2025-11-28 12:26:31
03ddc4c3-5c98-4780-96f2-32717540f1d1,symo_hybrid_3.0_3_s,inverter,Fronius,1,2025-11-27 15:07:15,2025-11-28 12:26:11
048af1bc-9600-4cb4-a14e-225ba8681148,us3000,battery,PylonTech,1,2025-11-27 15:07:16,2025-11-28 12:26:31
054b0265-5ac8-4fd5-ad38-6ff0c89fa416,sg30cx_p2(5),inverter,Sungrow,1,2025-11-27 15:07:16,2025-11-28 12:26:31
06ea3bed-8efc-49ac-9a8f-936a5d592d7d,tauro_eco_100_3_p,inverter,Fronius,1,2025-11-27 15:07:15,2025-11-28 12:26:11
07f8376d-4d71-48ae-84d1-00f1923c45a0,com100a,smart_communication_box,Sungrow,1,2025-11-27 15:07:15,2025-11-28 12:26:11
09c415c3-79d9-49e0-a68a-4c1272da8e78,sh6.0rt,inverter,Sungrow,1,2025-11-27 15:07:16,2025-11-28 12:26:31
09f484ff-a4a9-479c-90d9-055518b1002f,40k_5g,inverter,Solis,1,2025-11-27 15:07:16,2025-11-28 12:26:31
0a10e9b3-6fc7-47eb-ace4-8b8ab44d4c92,h48050_15s,battery,PylonTech,1,2025-11-27 15:07:15,2025-11-28 12:26:12
0bcad79e-200c-4bc3-af40-fb80cc1ef562,luna2000_15,battery,Huawei,1,2025-11-27 15:07:15,2025-11-28 12:26:31
0c816f05-a0e0-4336-9c76-22de0932a329,11ktlx_g3,inverter,Sofar,1,2025-11-27 15:07:16,2025-11-28 12:26:31
0d399051-c2f6-418e-acef-d359a0317cc8,multiplus_ii_48_5000_70_50,inverter,Victron,1,2025-11-27 15:07:16,2025-11-28 12:26:31
0da032c3-05e3-45c3-b29e-3c5baec7d3b9,s5_gc50k,inverter,Solis,1,2025-11-27 15:07:16,2025-11-28 12:26:31
0f3a6769-22fd-4277-9d66-96d9d7d7af23,sg33cx_p2(5),inverter,Sungrow,1,2025-11-27 15:07:16,2025-11-28 12:26:31
0f7b749f-7979-468e-af40-c5653587c261,multiplus_ii_48_5000_70_50,inverter,Victron,1,2025-11-27 15:07:16,2025-11-28 12:26:31
113d47b3-be01-491d-980f-792b6312767d,multiplus_c24_1600_40,inverter,Victron,1,2025-11-27 15:07:16,2025-11-28 12:26:31
114475d5-d8a8-4625-8651-0da6bc2a4179,sg4.0rt,inverter,Sungrow,1,2025-11-27 15:07:16,2025-11-28 12:26:31
1166c446-8d1f-44cb-abcc-ecfe2d1ac719,symo_10.0_3_m,inverter,Fronius,1,2025-11-27 15:07:15,2025-11-28 12:26:11
11e0545f-3835-4427-acc4-1ea89b9eb3f2,hyd_20ktl_3ph,inverter,Sofar,1,2025-11-27 15:07:15,2025-11-28 12:26:12
13107a5b-c919-4a66-a552-9cdc251f6c37,110k_5g,inverter,Solis,1,2025-11-27 15:07:16,2025-11-28 12:26:31
13588bf2-76bf-48f8-a353-c5fd870206fe,logger1000a,logger,Sungrow,1,2025-11-27 15:07:15,2025-11-28 12:26:31
1378b09a-dc87-4d46-b683-a536cd65d4e9,multiplus_48_1600_20,inverter,Victron,1,2025-11-27 15:07:16,2025-11-28 12:26:31
13d8a177-b357-4d2e-80e7-b472d4114b0e,primo_8.2_1,inverter,Fronius,1,2025-11-27 15:07:16,2025-11-28 12:26:12
142e6036-7f9c-4122-b4e8-291d2423a4e3,s5_gr3p17k,inverter,Solis,1,2025-11-27 15:07:16,2025-11-28 12:26:31
14dfc464-21af-4995-a018-cd58d9644a31,sun_5k_sg04lp3,inverter,Deye,1,2025-11-27 15:07:16,2025-11-28 12:26:31
14fe36ee-a067-4635-9e84-0567f7afb2b6,sun_7.6k_sg01lp1,inverter,Deye,1,2025-11-27 15:07:16,2025-11-28 12:26:31
15bb4bff-674e-4224-9e3a-1ffcdbdb3dde,4.4ktlx_g3,inverter,Sofar,1,2025-11-27 15:07:16,2025-11-28 12:26:31
1727fe69-ea6b-41c8-a463-1fd5d8866592,sh25t,inverter,Sungrow,1,2025-11-27 15:07:16,2025-11-28 12:26:31
17a07fab-b660-444f-879a-27b9236da42d,bos_g35,battery,Deye,1,2025-11-27 15:07:15,2025-11-28 12:26:11
17e495f0-854c-4e42-805f-c1057e26a1fa,symo_12.5_3_m,inverter,Fronius,1,2025-11-27 15:07:15,2025-11-28 12:26:11
18b0c5c7-708a-4e05-afdd-9eb0a1a1467a,sg20rs,inverter,Sungrow,1,2025-11-27 15:07:16,2025-11-28 12:26:31
18b77195-7d40-4a41-945e-5bf1a71c0ea2,sun_7.6k_sg05lp1,inverter,Deye,1,2025-11-27 15:07:16,2025-11-28 12:26:31
19a452de-89e5-488d-a847-7124979e7a80,multiplus_48_1200_13,inverter,Victron,1,2025-11-27 15:07:16,2025-11-28 12:26:31
1acdc77c-60d9-4a5c-8ba4-4b02ccaf7ab7,s5_gr3p13k,inverter,Solis,1,2025-11-27 15:07:16,2025-11-28 12:26:31
1d265223-0a8e-4c9c-bfcd-a2fe8695729c,quattro_24_8000_200_100_100,inverter,Victron,1,2025-11-27 15:07:16,2025-11-28 12:26:31
1d48563e-6465-4f11-9cb7-e16311669a96,sar_100_10,export_power_manager,Sofar,1,2025-11-27 15:07:16,2025-11-28 12:26:31
1e6e3cd8-10af-4d8a-bce5-df46e2329c91,easysolar_48_3000_35_50,inverter,Victron,1,2025-11-27 15:07:15,2025-11-28 12:26:11
1e823242-a25a-4cd6-9817-c6dc06cf94d3,bts_e10_ds5,battery,Sofar,1,2025-11-27 15:07:15,2025-11-28 12:26:11
1ed62245-0953-40ce-9ee9-1f8c7cf2d32a,17000tl_sx,inverter,Sofar,1,2025-11-27 15:07:16,2025-11-28 12:26:31
1f016444-64a0-42d1-b33c-464bc57bb01d,com100d,smart_communication_box,Sungrow,1,2025-11-27 15:07:15,2025-11-28 12:26:11
1f778755-c157-4595-bdb1-4c51be9410f7,40ktlx_g3_hv,inverter,Sofar,1,2025-11-27 15:07:16,2025-11-28 12:26:31
1fcbc05f-b6b4-486c-b459-994b963f3fe8,multiplus_c48_5000_70,inverter,Victron,1,2025-11-27 15:07:16,2025-11-28 12:26:31
20676af8-c2eb-4b84-97db-928a22a46b98,s5_gr3p5k,inverter,Solis,1,2025-11-27 15:07:16,2025-11-28 12:26:31
2227c908-1863-4eb9-8ad7-81e733ac96c3,20ktlx_g3_a,inverter,Sofar,1,2025-11-27 15:07:16,2025-11-28 12:26:31
226ea098-581f-49e9-b1aa-38ca548c813c,sg10rt,inverter,Sungrow,1,2025-11-27 15:07:16,2025-11-28 12:26:31
233982e2-aa51-4f77-af93-e8f7262684b2,sg17rt,inverter,Sungrow,1,2025-11-27 15:07:16,2025-11-28 12:26:31
2563c9f9-1781-4bec-8526-5dadb44c3100,3000tl_g3,inverter,Sofar,1,2025-11-27 15:07:16,2025-11-28 12:26:31
25ecc639-9656-4f17-9c65-59c32301eb91,multiplus_c48_3000_35,inverter,Victron,1,2025-11-27 15:07:16,2025-11-28 12:26:31
2632a12b-a9c3-4da6-aefc-f149e520e7d4,36ktlx_g3,inverter,Sofar,1,2025-11-27 15:07:16,2025-11-28 12:26:31
265041c1-498a-40eb-bdc2-9c0031b53218,rhi_3.6k_48es_5g,inverter,Solis,1,2025-11-27 15:07:16,2025-11-28 12:26:31
2663d8e6-9987-4bc3-9858-d0c213db0363,s5_eh1p3k_l,inverter,Solis,1,2025-11-27 15:07:16,2025-11-28 12:26:31
26864775-ba49-4e01-ae7f-4e1c994f091e,sun_40k_sg01hp3,inverter,Deye,1,2025-11-27 15:07:16,2025-11-28 12:26:31
27184c93-b9b3-4a6e-93b3-1d5d8fdbfcc6,powercube_h1_48_zzzv,battery,PylonTech,1,2025-11-27 15:07:16,2025-11-28 12:26:31
27544120-ade2-490f-b4e4-28c10d9a2d70,60k_lv_5g,inverter,Solis,1,2025-11-27 15:07:16,2025-11-28 12:26:31
2757cc9c-312a-4f47-bce8-6db489be3290,symo_advanced_15.0_3_m,inverter,Fronius,1,2025-11-27 15:07:15,2025-11-28 12:26:11
2784f526-fa42-46c6-9604-7d79be380a57,s5_eh1p4.6k_l,inverter,Solis,1,2025-11-27 15:07:16,2025-11-28 12:26:31
27ac9f3c-18c1-438d-a987-9625ae0d650b,4k_hybrid,inverter,Luxpower,1,2025-11-27 15:07:15,2025-11-28 12:26:11
2858d4c0-9113-488c-ad6d-5fc84c58171d,sun_15k_sg01hp3,inverter,Deye,1,2025-11-27 15:07:16,2025-11-28 12:26:31
286c31e0-5552-4aab-9321-d611739448d7,symo_advanced_20.0_3_m,inverter,Fronius,1,2025-11-27 15:07:15,2025-11-28 12:26:11
2a341452-36b6-4a04-b818-f6e99b5057fd,s5_gr3p9k,inverter,Solis,1,2025-11-27 15:07:16,2025-11-28 12:26:31
2c333b71-5c09-418a-a755-1da22499079c,3p6k_4g,inverter,Solis,1,2025-11-27 15:07:16,2025-11-28 12:26:31
2cf9a1af-21bb-47be-920d-a0de857da91d,sg4.6rs,inverter,Sungrow,1,2025-11-27 15:07:16,2025-11-28 12:26:31
2d07ec5e-c5ee-4b43-9ebc-e3b59c71d4e8,sg12rt,inverter,Sungrow,1,2025-11-27 15:07:16,2025-11-28 12:26:31
2d225e70-1bfe-4c4b-99d4-a391f577f5de,s5_eh1p5k_l,inverter,Solis,1,2025-11-27 15:07:16,2025-11-28 12:26:31
2d639d76-c460-4c4f-a04e-98375a55dc33,48_15000_200_100_100,inverter,Victron,1,2025-11-27 15:07:15,2025-11-28 12:26:11
2d647902-e596-4661-b5ae-e1b68bbfe376,powercube_h2_48_zzzv,battery,PylonTech,1,2025-11-27 15:07:16,2025-11-28 12:26:31
2d9fce84-d96d-4a8e-b5b7-637c633b437f,sh8t,inverter,Sungrow,1,2025-11-27 15:07:16,2025-11-28 12:26:31
2deebdb6-4d8e-46b1-b920-e6821248b19b,multiplus_ii_48_3000_35_32,inverter,Victron,1,2025-11-27 15:07:16,2025-11-28 12:26:31
2e1ee0bd-eed4-478b-bae5-2c466fa31dbb,bts_e15_ds5,battery,Sofar,1,2025-11-27 15:07:15,2025-11-28 12:26:11
2e67aae4-d355-4212-9d4f-730f4033b14f,tauro_eco_99_3_p,inverter,Fronius,1,2025-11-27 15:07:15,2025-11-28 12:26:11
2eb09e2a-3932-4a0e-93dc-8872036cc176,sg4.0rs,inverter,Sungrow,1,2025-11-27 15:07:16,2025-11-28 12:26:31
2ebe9b32-b049-4528-9ae7-16e3a4d7e197,sg12rs,inverter,Sungrow,1,2025-11-27 15:07:16,2025-11-28 12:26:31
2f0639d9-c5dc-4d64-a62f-1c70d658704e,symo_8.2_3_m,inverter,Fronius,1,2025-11-27 15:07:15,2025-11-28 12:26:11
302d0a9f-eb62-439b-b12a-f483486700e3,5.5ktlx_g3,inverter,Sofar,1,2025-11-27 15:07:16,2025-11-28 12:26:31
310b6835-bb2d-4708-a54e-b34f97b9851c,s5_gc36k,inverter,Solis,1,2025-11-27 15:07:16,2025-11-28 12:26:31
31283a64-638e-4d64-b521-29b61aaccb04,rhi_3k_48es_5g,inverter,Solis,1,2025-11-27 15:07:16,2025-11-28 12:26:31
313911ab-f073-4aef-8e0a-9373fd95e70c,c12_1200_50,inverter,Victron,1,2025-11-27 15:07:15,2025-11-28 12:26:11
3148c48f-08a9-4a20-8d98-a5d89af61871,bos_g50,battery,Deye,1,2025-11-27 15:07:15,2025-11-28 12:26:11
31f6b54e-6cd3-4d75-9eda-9066929f30a2,10000tl_sx,inverter,Sofar,1,2025-11-27 15:07:16,2025-11-28 12:26:31
33808737-3bad-4715-9937-143869e11c4d,c24_800_16,inverter,Victron,1,2025-11-27 15:07:15,2025-11-28 12:26:11
34b71276-108b-4309-897a-fdb4462821a7,rhi_3.6k_48es,inverter,Solis,1,2025-11-27 15:07:16,2025-11-28 12:26:31
359b855d-0e92-4fc1-90ff-9696b6ffa739,s5_gr3p15k,inverter,Solis,1,2025-11-27 15:07:16,2025-11-28 12:26:31
365a161b-6fbf-4b0b-a4ea-163a9b115a93,eco_25.0_3_s,inverter,Fronius,1,2025-11-27 15:07:15,2025-11-28 12:26:11
36d3524a-fcc7-42dd-99ee-38f802452604,multiplus_ii_24_3000_70_32,inverter,Victron,1,2025-11-27 15:07:16,2025-11-28 12:26:31
37416b60-bd90-477a-894c-12c8826c32d5,me_8ktl_3ph,inverter,Sofar,1,2025-11-27 15:07:15,2025-11-28 12:26:12
376ebf1f-c757-4a29-a0e8-6b898640e4f7,sna6000,inverter,Luxpower,1,2025-11-27 15:07:16,2025-11-28 12:26:31
3815f882-5a94-447a-b21a-cf96737aaec0,sna4000,inverter,Luxpower,1,2025-11-27 15:07:16,2025-11-28 12:26:31
381f0d5d-337b-4a79-ada3-dfa03cba9c9e,15ktlx_g3_a,inverter,Sofar,1,2025-11-27 15:07:16,2025-11-28 12:26:31
384675e3-2141-4269-aebf-9b13ef2c5094,multiplus_c24_5000_120,inverter,Victron,1,2025-11-27 15:07:16,2025-11-28 12:26:31
38a12347-c569-4c61-a5a3-7c9c7b4f6b50,primo_5.0_1,inverter,Fronius,1,2025-11-27 15:07:16,2025-11-28 12:26:12
38f9b51a-0ee6-4835-b425-a7dbc0f08655,multiplus_ii_24_3000_70_32,inverter,Victron,1,2025-11-27 15:07:16,2025-11-28 12:26:31
3971f2ea-5c58-45b1-9fb6-cb198440a9e8,sg2.5rs_s,inverter,Sungrow,1,2025-11-27 15:07:16,2025-11-28 12:26:31
3ba710f3-3149-4925-b78a-3c5dfe8561bd,multiplus_24_1200_25,inverter,Victron,1,2025-11-27 15:07:15,2025-11-28 12:26:31
3bdbf98a-b866-45fe-93ee-aa8c3d22b9e5,sg30cx_p2(3),inverter,Sungrow,1,2025-11-27 15:07:16,2025-11-28 12:26:31
3ccfe442-d14f-4e8d-bc20-a0553e9a7068,easysolar_ii_48_3000_35_32,inverter,Victron,1,2025-11-27 15:07:15,2025-11-28 12:26:11
3d5fda9a-e2f2-40c6-80fa-71c0c3cdbdea,30k_5g,inverter,Solis,1,2025-11-27 15:07:16,2025-11-28 12:26:31
3e2b34ce-9b3c-4138-a3b1-5a88b24769dc,smart_meter_63a_1,counter,Fronius,1,2025-11-27 15:07:15,2025-11-28 12:26:11
3f2d8711-600e-43a4-82c6-1883eb72e57a,sg6.0rt,inverter,Sungrow,1,2025-11-27 15:07:16,2025-11-28 12:26:31
3ff864be-7071-4b3f-beba-667a89d9e700,s5_gc60k,inverter,Solis,1,2025-11-27 15:07:16,2025-11-28 12:26:31
40f1fd54-62b0-4e3b-883b-1376eb1ff207,sun_8k_sg04lp3,inverter,Deye,1,2025-11-27 15:07:16,2025-11-28 12:26:31
41574dc6-d2ae-4f57-8403-d5c4444056c4,sg36cx_p2(5),inverter,Sungrow,1,2025-11-27 15:07:16,2025-11-28 12:26:31
417d0843-627c-4ac1-be95-c966dba63726,primo_4.0_1,inverter,Fronius,1,2025-11-27 15:07:16,2025-11-28 12:26:11
41944ac8-318d-4a33-92d8-eb30eed4432c,quattro_ii_48_5000_70_50,inverter,Victron,1,2025-11-27 15:07:16,2025-11-28 12:26:31
41c0fd42-fef3-4aa2-9a3c-6dafe5b5050a,symo_4.5_3_m,inverter,Fronius,1,2025-11-27 15:07:15,2025-11-28 12:26:11
41cb81cd-c7ad-442e-b2fb-55a025cbf0f6,quattro_24_3000_70_50_50,inverter,Victron,1,2025-11-27 15:07:16,2025-11-28 12:26:31
42108795-f561-4ac5-8724-d1c13eac4ea5,sun_12k_sg01hp3,inverter,Deye,1,2025-11-27 15:07:16,2025-11-28 12:26:31
425574b9-4425-4e75-8deb-93f1110cdf96,multiplus_24_3000_70,inverter,Victron,1,2025-11-27 15:07:15,2025-11-28 12:26:31
42f097aa-7693-4ef6-860a-7e594ef6d622,hyd_10ktl_3ph,inverter,Sofar,1,2025-11-27 15:07:15,2025-11-28 12:26:12
4328ac74-95bb-4cde-91d0-f8ff53c477d3,quattro_24_3000_70_50_30,inverter,Victron,1,2025-11-27 15:07:16,2025-11-28 12:26:31
44a2a0b0-c3b4-40b6-9d64-c27fb03b2b06,a48100,battery,Dyness,1,2025-11-27 15:07:15,2025-11-28 12:26:11
44e408a0-256e-402f-bf4a-934646147d33,125ktlx_g4,inverter,Sofar,1,2025-11-27 15:07:16,2025-11-28 12:26:31
4555332d-69c4-442d-ae0c-e9383615df05,luna2000_5kw,battery,Huawei,1,2025-11-27 15:07:15,2025-11-28 12:26:31
46b776bd-26cb-4b85-85b5-8ef774db921e,primo_3.5_1,inverter,Fronius,1,2025-11-27 15:07:16,2025-11-28 12:26:11
478c7595-e665-430f-b4f2-6f81fa296bea,sun_5k_sg01hp3,inverter,Deye,1,2025-11-27 15:07:16,2025-11-28 12:26:31
47e0a855-8e6d-4de6-a9cc-26dda8cf18ad,tauro_50_3_p,inverter,Fronius,1,2025-11-27 15:07:15,2025-11-28 12:26:11
47e4ed48-9a66-486b-8877-adcee54e5ab9,symo_hybrid_4.0_3_s,inverter,Fronius,1,2025-11-27 15:07:15,2025-11-28 12:26:11
489a3586-8f9d-4979-9187-2490fc19cb3a,sun_10k_sg04lp3,inverter,Deye,1,2025-11-27 15:07:16,2025-11-28 12:26:31
4af0aafd-7626-401c-832c-4ab63491d6db,com100e,smart_communication_box,Sungrow,1,2025-11-27 15:07:15,2025-11-28 12:26:11
4bfacec2-19a4-4a92-ba5d-c59a51d15f9d,12ktlx_g3,inverter,Sofar,1,2025-11-27 15:07:16,2025-11-28 12:26:31
4c754464-e08b-41f5-8232-e147ee293231,us3000c,battery,PylonTech,1,2025-11-27 15:07:16,2025-11-28 12:26:31
4ddc14d4-6a0c-4356-84b3-8b94edc326aa,rhi_3p6k_hves_5g,inverter,Solis,1,2025-11-27 15:07:16,2025-11-28 12:26:31
4e31be91-978d-468c-9368-5cc406fedf26,3p5k_4g_lv,inverter,Solis,1,2025-11-27 15:07:16,2025-11-28 12:26:31
4e682aa1-8814-43e3-bbf0-85ef9ed8b739,multiplus_c24_3000_70,inverter,Victron,1,2025-11-27 15:07:16,2025-11-28 12:26:31
4eb9dc02-89f6-4982-909c-f75449dc3310,rhi_4.6k_48es,inverter,Solis,1,2025-11-27 15:07:16,2025-11-28 12:26:31
4f35279d-e064-4e2f-9146-e17be10b9aa2,20ktlx_g3,inverter,Sofar,1,2025-11-27 15:07:16,2025-11-28 12:26:31
4f468c31-dc90-46f4-a6bd-1e8e8f69e516,30ktlx_g3_a,inverter,Sofar,1,2025-11-27 15:07:16,2025-11-28 12:26:31
5003a3c6-1efe-4ea1-92a6-4ac6144218e6,sg15rt,inverter,Sungrow,1,2025-11-27 15:07:16,2025-11-28 12:26:31
503c9c18-b886-4c22-a994-4ee044162292,50ktlx_g3_hv,inverter,Sofar,1,2025-11-27 15:07:16,2025-11-28 12:26:31
50484c56-7ccb-42a7-a43b-7ba98811490e,multiplus_12_1600_70,inverter,Victron,1,2025-11-27 15:07:15,2025-11-28 12:26:31
504b4674-0da7-4d0a-9345-96a4ee82f48c,3p9k_4g,inverter,Solis,1,2025-11-27 15:07:16,2025-11-28 12:26:31
516ae6be-5150-4cdc-9915-79a3a2fafc6e,sg8.0rs,inverter,Sungrow,1,2025-11-27 15:07:16,2025-11-28 12:26:31
518e3ae4-da50-402e-b018-89ab8bb03eb7,symo_7.0_3_m,inverter,Fronius,1,2025-11-27 15:07:15,2025-11-28 12:26:11
51dcceb5-f8da-4309-8380-6547b88305e0,4000tlm_g2,inverter,Sofar,1,2025-11-27 15:07:16,2025-11-28 12:26:31
5259ba02-c592-463e-9e29-5be427f41427,sg33cx_p2,inverter,Sungrow,1,2025-11-27 15:07:16,2025-11-28 12:26:31
52f7e72b-3e4a-4f57-a3ac-b7bebc326074,sg25cx_p2,inverter,Sungrow,1,2025-11-27 15:07:16,2025-11-28 12:26:31
5363ecc3-2d98-45f8-a80a-5c8a15945952,sun_25k_sg01hp3,inverter,Deye,1,2025-11-27 15:07:16,2025-11-28 12:26:31
5524ed26-b566-4f5b-8374-ea0eabc25a91,6.6ktlx_g3,inverter,Sofar,1,2025-11-27 15:07:16,2025-11-28 12:26:31
552f1fa3-a81b-452a-a9a4-ab724f6a702b,epm3_5g_plus,export_power_manager,Solis,1,2025-11-27 15:07:15,2025-11-28 12:26:11
555c6efa-8cb1-4a77-b41f-d9099054a06a,easysolar_12_1600_70,inverter,Victron,1,2025-11-27 15:07:15,2025-11-28 12:26:11
5666ac56-cdef-4ff4-9513-d1c0538ba27c,sh5.0rt_20,inverter,Sungrow,1,2025-11-27 15:07:16,2025-11-28 12:26:31
572f4591-d563-4ab6-b816-38e65a49a755,multiplus_ii_48_3000_35_32,inverter,Victron,1,2025-11-27 15:07:16,2025-11-28 12:26:31
577eaa17-acc8-43f2-acc3-0676748f72d0,sg50cx_p2(3),inverter,Sungrow,1,2025-11-27 15:07:16,2025-11-28 12:26:31
581090e6-c3c9-45a1-92c8-cd8e290cddb6,luna2000_14,battery,Huawei,1,2025-11-27 15:07:15,2025-11-28 12:26:31
5879dc0e-9d7c-43d7-999a-25900d6bc4e4,bos_g55,battery,Deye,1,2025-11-27 15:07:15,2025-11-28 12:26:11
594c51b2-9950-418b-a496-5caa17e8d01a,48_5000_70,inverter,Victron,1,2025-11-27 15:07:15,2025-11-28 12:26:11
5b0df991-3525-461f-b883-09c3aba7f9dc,24_3000_70,inverter,Victron,1,2025-11-27 15:07:15,2025-11-28 12:26:11
5b8ab0a3-eb01-48df-993f-de176cc13ebe,verto_15,inverter,Fronius,1,2025-11-27 15:07:16,2025-11-30 21:31:57
5dbebf77-580f-4b61-91e7-413ea2d4966e,me_20ktl_3ph,inverter,Sofar,1,2025-11-27 15:07:15,2025-11-28 12:26:12
5e153085-e007-43bc-9a1b-a16f7a5329d9,22ktlx_g3,inverter,Sofar,1,2025-11-27 15:07:16,2025-11-28 12:26:31
5ef3a6ce-9120-4767-a17c-8d47f0fc1100,45ktlx_g3,inverter,Sofar,1,2025-11-27 15:07:16,2025-11-28 12:26:31
5f44cd8d-97f6-413c-ab82-fe5256f119f8,easysolar_48_5000_70_100,inverter,Victron,1,2025-11-27 15:07:15,2025-11-28 12:26:11
5ff2f293-d1f5-44be-a3cc-df17fa8dba08,sh10rt,inverter,Sungrow,1,2025-11-27 15:07:16,2025-11-28 12:26:31
61812d84-88b5-4efe-9ffc-5086b5f7e3f1,primo_5.0_1,inverter,Fronius,1,2025-11-27 15:07:16,2025-11-28 12:26:12
61ce7d55-e048-4530-bb48-1bbfc17c126f,sh15t,inverter,Sungrow,1,2025-11-27 15:07:16,2025-11-28 12:26:31
61dca723-c395-4224-8659-07d731171713,sg7.0rs,inverter,Sungrow,1,2025-11-27 15:07:16,2025-11-28 12:26:31
61ed688c-4d1e-4eba-b1a8-7132f8d452c9,multiplus_c12_3000_120,inverter,Victron,1,2025-11-27 15:07:16,2025-11-28 12:26:31
61f437a5-f4b6-47ed-b543-e4eb8cbefd40,tauro_50_3_d,inverter,Fronius,1,2025-11-27 15:07:15,2025-11-28 12:26:11
6249af62-dc64-4fba-8135-29373f10c4c6,luna2000_7,battery,Huawei,1,2025-11-27 15:07:15,2025-11-28 12:26:31
6361793d-8586-4916-8268-28761a138591,quattro_12_5000_220_100_100,inverter,Victron,1,2025-11-27 15:07:16,2025-11-28 12:26:31
64445dc1-bc2b-4f69-997d-36d4c0f0ad1d,3p5k_4g,inverter,Solis,1,2025-11-27 15:07:16,2025-11-28 12:26:31
64ba187a-6381-49f1-adf7-02c3c57b9b86,symo_3.0_3_m,inverter,Fronius,1,2025-11-27 15:07:15,2025-11-28 12:26:11
64cde219-d6bf-439a-aead-0f4e46853a6e,sun_29.9k_sg01hp3,inverter,Deye,1,2025-11-27 15:07:16,2025-11-28 12:26:31
658ece90-9a34-4cec-8db4-8135729e208d,s5_gc40k,inverter,Solis,1,2025-11-27 15:07:16,2025-11-28 12:26:31
6604edb7-3e4e-41d4-a915-a1f67b2f2b3e,multiplus_ii_12_3000_120_32,inverter,Victron,1,2025-11-27 15:07:16,2025-11-28 12:26:31
67ea6789-2760-4f9f-a557-f2ee8f2f45a4,multiplus_ii_48_15000_200_100,inverter,Victron,1,2025-11-27 15:07:16,2025-11-28 12:26:31
6898c1b1-8d2d-4694-8a7c-8865243c4373,bos_g60,battery,Deye,1,2025-11-27 15:07:15,2025-11-28 12:26:11
68a1e8ea-dbc8-443c-a1ac-86b5512ca89c,dtsd1352_c_1(6)a,counter,Acrel,1,2025-11-27 15:07:15,2025-11-28 12:26:11
69a99716-3e51-497f-95ed-b0b1e5d306ef,hyd_6ktl_3ph,inverter,Sofar,1,2025-11-27 15:07:15,2025-11-28 12:26:12
69f32d27-9c32-43cb-b312-1863dcb39fe9,3600tlm_g2,inverter,Sofar,1,2025-11-27 15:07:16,2025-11-28 12:26:31
6abf11b4-5536-4dae-807b-7805e44a34b9,10.5ktlm_g3,inverter,Sofar,1,2025-11-27 15:07:16,2025-11-28 12:26:31
6af03866-3395-4706-a498-99c0456f480c,bos_g40,battery,Deye,1,2025-11-27 15:07:15,2025-11-28 12:26:11
6b27ce96-666f-4378-99ec-74cc349d9199,sun_8k_sg05lp1,inverter,Deye,1,2025-11-27 15:07:16,2025-11-28 12:26:31
6c97892e-9fd3-4f09-95e0-379f1680f5ca,sg5.0rs,inverter,Sungrow,1,2025-11-27 15:07:16,2025-11-28 12:26:31
6c9ec9ad-99af-4e54-b9c5-d954d665cb9f,sg50cx_p2(5),inverter,Sungrow,1,2025-11-27 15:07:16,2025-11-28 12:26:31
6d47a568-04a3-4a13-921a-f117ef888c19,verto_18,inverter,Fronius,1,2025-11-27 15:07:16,2025-11-30 21:31:36
6ea644db-53a9-4f12-9331-73f63812fb0d,ddsd1352,counter,Acrel,1,2025-11-27 15:07:15,2025-11-28 12:26:11
7008f139-c1c6-4214-8e55-ade6822a61de,quattro_12_3000_120_50_50,inverter,Victron,1,2025-11-27 15:07:16,2025-11-28 12:26:31
7024c4d3-78b6-49dd-a65c-81a1377e2b1b,sg3.0rs,inverter,Sungrow,1,2025-11-27 15:07:16,2025-11-28 12:26:31
70bf8ad4-20c0-4d68-a321-f6c7056b3dfa,acr10rh,counter,Acrel,1,2025-11-27 15:07:15,2025-11-28 12:26:11
70e506b1-204b-4df2-b03e-f4d634a69a6c,rhi_3k_48es,inverter,Solis,1,2025-11-27 15:07:16,2025-11-28 12:26:31
712944e6-a545-40ba-a4d2-a972ddf7647b,sh6t,inverter,Sungrow,1,2025-11-27 15:07:16,2025-11-28 12:26:31
7145020b-e703-4a05-bf37-f15418214d62,12_3000_120,inverter,Victron,1,2025-11-27 15:07:15,2025-11-28 12:26:11
71949c96-237c-4d0b-a975-08a43db48541,smart_meter_50ka_3,counter,Fronius,1,2025-11-27 15:07:15,2025-11-28 12:26:11
71b383ed-06a5-4140-9d7b-47035662587c,hyd_10ktl_3ph_a,inverter,Sofar,1,2025-11-27 15:07:15,2025-11-28 12:26:12
71ec5171-5e66-4307-a68d-a955106136ad,10ktlm_g3,inverter,Sofar,1,2025-11-27 15:07:16,2025-11-28 12:26:31
7213b2c3-0d4e-4f74-a8dd-8db5711b8a3f,epm3_5g,export_power_manager,Solis,1,2025-11-27 15:07:15,2025-11-28 12:26:11
72e461ba-a784-45d5-a3ce-3d4cd9f13e88,3k_hybrid,inverter,Luxpower,1,2025-11-27 15:07:15,2025-11-28 12:26:11
7349ea62-2341-405d-ab62-21525723d9a9,easysolar_ii_48_5000_70_50,inverter,Victron,1,2025-11-27 15:07:15,2025-11-28 12:26:11
73820412-aee1-4bbb-b6a7-684865fe2e17,sun_6k_sg01hp3,inverter,Deye,1,2025-11-27 15:07:16,2025-11-28 12:26:31
73c59757-e1c9-4e61-b8d9-7987ca1fd153,multiplus_24_5000_120,inverter,Victron,1,2025-11-27 15:07:15,2025-11-28 12:26:31
74ff0472-3a7e-47c1-9a1c-763c53772c83,tauro_eco_99_3_d,inverter,Fronius,1,2025-11-27 15:07:15,2025-11-28 12:26:11
757a2ca7-0038-4b5c-81eb-65aa5aaf3a2c,6ktlm_g3,inverter,Sofar,1,2025-11-27 15:07:16,2025-11-28 12:26:31
7593282a-b3b6-4f2f-912b-9f760e79d19c,smart_meter_63a_3,counter,Fronius,1,2025-11-27 15:07:15,2025-11-28 12:26:11
75974de6-f6ac-4fd5-a152-25ecec8249a3,symo_17.5_3_m,inverter,Fronius,1,2025-11-27 15:07:15,2025-11-28 12:26:11
76e2a3fd-3a95-4c0f-a055-b585d6f4fb97,multiplus_24_500_10,inverter,Victron,1,2025-11-27 15:07:15,2025-11-28 12:26:31
77784b79-622f-484c-bfd2-49689b18c656,s5_gr3p10k_lv,inverter,Solis,1,2025-11-27 15:07:16,2025-11-28 12:26:31
784c5a7e-d7e0-4ac6-af87-06a0e18db169,sc0500_100s,battery,PylonTech,1,2025-11-27 15:07:16,2025-11-28 12:26:31
786c9bd1-96d0-4d63-8756-8e774e883501,me_15ktl_3ph,inverter,Sofar,1,2025-11-27 15:07:15,2025-11-28 12:26:12
799f4a97-7029-42af-b2c9-82551a07c24b,sun_12k_sg04lp3,inverter,Deye,1,2025-11-27 15:07:16,2025-11-28 12:26:31
7a2b89c0-e1ed-4a0b-a5a8-0df74049f28d,eco_27.0_3_s,inverter,Fronius,1,2025-11-27 15:07:15,2025-11-28 12:26:11
7b459d17-0977-427f-9c39-d210f13c190d,3p8k_4g_be,inverter,Solis,1,2025-11-27 15:07:16,2025-11-28 12:26:31
7b7508d8-bc00-4c9c-b35d-1f7806b6e276,sc1000_200e,battery,PylonTech,1,2025-11-27 15:07:16,2025-11-28 12:26:31
7baeaa26-3e16-49e8-809a-0478290af6d6,dl5.0c,battery,Dyness,1,2025-11-27 15:07:15,2025-11-28 12:26:11
7d1bccc2-150a-4b3c-8b4b-62c6c163ac5f,33ktlx_g3,inverter,Sofar,1,2025-11-27 15:07:16,2025-11-28 12:26:31
7d92aefa-0863-49cc-ad24-17f925cb6b2b,cerbo_s,logger,Victron,1,2025-11-27 15:07:15,2025-11-28 12:26:11
8081f8d0-1a9a-40ca-922f-76c246c7c2a3,quattro_ii_24_5000_120_50,inverter,Victron,1,2025-11-27 15:07:16,2025-11-28 12:26:31
80a15b1a-305b-4e5e-a710-fdbb63dea42f,multiplus_48_2000_25,inverter,Victron,1,2025-11-27 15:07:16,2025-11-28 12:26:31
80a1bfc2-796c-4720-b47f-b0650fa31a4e,8.8ktlx_g3_a,inverter,Sofar,1,2025-11-27 15:07:16,2025-11-28 12:26:31
80a6d82f-9bd6-46cb-b125-d884b36e2e58,sun_10k_sg01hp3,inverter,Deye,1,2025-11-27 15:07:16,2025-11-28 12:26:31
8120d881-1575-4a80-9348-edde55acd766,6000tlm_g2,inverter,Sofar,1,2025-11-27 15:07:16,2025-11-28 12:26:31
814f56cd-74ed-4c9b-8488-ea00f5bffc7c,hvb750v_100a,battery,Deye,1,2025-11-27 15:07:15,2025-11-28 12:26:11
817cdb4d-4d11-4d00-9f6e-ffd4c34692e2,us2000c,battery,PylonTech,1,2025-11-27 15:07:16,2025-11-28 12:26:31
8189626b-84be-474e-8437-ce51d34d93dd,symo_4.5_3_s,inverter,Fronius,1,2025-11-27 15:07:15,2025-11-28 12:26:11
81c8d4e2-8513-4cf6-9b18-44a64f75c5f0,sna3000,inverter,Luxpower,1,2025-11-27 15:07:16,2025-11-28 12:26:31
82642521-950e-4151-9d79-5eae2d991992,sun_14k_sg05lp3_sm2,inverter,Deye,1,2025-11-27 15:07:16,2025-11-28 12:26:31
829c4df0-2e89-487f-b7d3-6d9b5e74e677,multiplus_c12_1600_70,inverter,Victron,1,2025-11-27 15:07:16,2025-11-28 12:26:31
82eb6c0e-e474-467a-84ab-4544ab2f20a9,s5_gr3p8k,inverter,Solis,1,2025-11-27 15:07:16,2025-11-28 12:26:31
83445788-6a5c-41b6-830a-62ff73425029,lxp6k_hb,inverter,Luxpower,1,2025-11-27 15:07:15,2025-11-28 12:26:31
837b744d-6222-4621-955c-086d24718d81,luna2000_5,battery,Huawei,1,2025-11-27 15:07:15,2025-11-28 12:26:31
8495fdf4-8d8c-4ee4-8f1d-c7d3ddf75502,multiplus_12_800_35,inverter,Victron,1,2025-11-27 15:07:15,2025-11-28 12:26:31
84c01449-ebb3-4836-8c48-deb2fb2977ea,sun_7k_sg05lp1,inverter,Deye,1,2025-11-27 15:07:16,2025-11-28 12:26:31
85318f9a-fa83-46d4-8c93-bc6900c624bb,tauro_eco_50_3_d,inverter,Fronius,1,2025-11-27 15:07:15,2025-11-28 12:26:11
853d2904-1a3d-44e5-9c63-b036665e9612,s5_gc110k,inverter,Solis,1,2025-11-27 15:07:16,2025-11-28 12:26:31
85868337-932d-4b58-a178-e05bf00f9463,sh6.0rs,inverter,Sungrow,1,2025-11-27 15:07:16,2025-11-28 12:26:31
860ee56d-f7a4-4eb5-a86d-8c3b499e49d8,sh10t,inverter,Sungrow,1,2025-11-27 15:07:16,2025-11-28 12:26:31
8657608e-6b8a-4be9-a50d-32629f878ca0,us2000b,battery,PylonTech,1,2025-11-27 15:07:16,2025-11-28 12:26:31
86bd795f-a009-4850-8388-0ba4ee8b12b5,sg36cx_p2,inverter,Sungrow,1,2025-11-27 15:07:16,2025-11-28 12:26:31
86f220c6-3736-474d-8c46-c0384f9d0605,15000tl_sx,inverter,Sofar,1,2025-11-27 15:07:16,2025-11-28 12:26:31
87765150-e1a1-40b6-b92d-aa15ea591019,easysolar_ii_24_3000_70_32,inverter,Victron,1,2025-11-27 15:07:15,2025-11-28 12:26:11
87d5c37e-f4e1-4387-9672-eb027b94cb5b,lxp8k_spec,inverter,Luxpower,1,2025-11-27 15:07:15,2025-11-28 12:26:31
8836d1dd-142b-43c8-ae55-6462782273f2,symo_3.0_3_s,inverter,Fronius,1,2025-11-27 15:07:15,2025-11-28 12:26:11
88544377-37c3-4247-acb4-75fcfee23257,sar_100_5,export_power_manager,Sofar,1,2025-11-27 15:07:16,2025-11-28 12:26:31
88ad4da2-62ed-42e6-b650-d3ac528be682,rhi_3p10k_hves_5g,inverter,Solis,1,2025-11-27 15:07:16,2025-11-28 12:26:31
89aa130f-972b-492b-8527-d4d6de6b9d8a,3p4k_4g,inverter,Solis,1,2025-11-27 15:07:16,2025-11-28 12:26:31
89b07a36-50ed-4657-a401-a19185280bce,bos_g15,battery,Deye,1,2025-11-27 15:07:15,2025-11-28 12:26:11
8a286d46-7b47-4b9b-999e-704eb877b522,verto_33,inverter,Fronius,1,2025-11-27 15:07:16,2025-11-30 21:31:47
8a808df8-e089-464d-a6b8-90bed7ff72f3,symo_6.0_3_m,inverter,Fronius,1,2025-11-27 15:07:15,2025-11-28 12:26:11
8b5047b1-b89a-483f-a59d-8b2d7bfbf383,dtsd1352_c_10(80)a,counter,Acrel,1,2025-11-27 15:07:15,2025-11-28 12:26:11
8b8b40a1-a6e9-4856-80ca-16858fbab854,11ktlx_g3_a,inverter,Sofar,1,2025-11-27 15:07:16,2025-11-28 12:26:31
8ba1bd52-b98c-400e-8c62-1f18515be3c7,multiplus_ii_48_8000_110_100,inverter,Victron,1,2025-11-27 15:07:16,2025-11-28 12:26:31
8bb9870c-e84b-4aa6-8334-40ebe7358167,sun_5k_sg03lp1,inverter,Deye,1,2025-11-27 15:07:16,2025-11-28 12:26:31
8bc7ce27-352b-400e-bc11-3ff1178b3685,rhi_5k_48es,inverter,Solis,1,2025-11-27 15:07:16,2025-11-28 12:26:31
8bc7f550-c56e-4804-8b6d-41100ce71d14,4.6k_hybrid,inverter,Luxpower,1,2025-11-27 15:07:15,2025-11-28 12:26:11
8c3655a8-611a-4569-8d5e-c048b4714762,rhi_4.6k_48es_5g,inverter,Solis,1,2025-11-27 15:07:16,2025-11-28 12:26:31
8c846d62-a51d-4686-9e0d-24428b1fce1b,sh10rt_20,inverter,Sungrow,1,2025-11-27 15:07:16,2025-11-28 12:26:31
8cc6fbc9-0eb8-484d-a2e6-8bd9de0a21b7,me_10ktl_3ph,inverter,Sofar,1,2025-11-27 15:07:15,2025-11-28 12:26:12
8ce8869a-aabb-410d-b04c-58b9e399636a,symo_15.0_3_m,inverter,Fronius,1,2025-11-27 15:07:15,2025-11-28 12:26:11
8d234d5a-478d-426c-9925-8a5e64d550ab,sg30cx_p2,inverter,Sungrow,1,2025-11-27 15:07:16,2025-11-28 12:26:31
8d5762ed-15b1-45b1-9604-b894eb7bc760,rhi_3p5k_hves_5g,inverter,Solis,1,2025-11-27 15:07:16,2025-11-28 12:26:31
8d783099-3ff6-46ce-b65c-5db35a2b3a80,3p12k_4g,inverter,Solis,1,2025-11-27 15:07:16,2025-11-28 12:26:31
8dbdc282-d369-4049-b701-a7594c757653,sh6.0rt_20,inverter,Sungrow,1,2025-11-27 15:07:16,2025-11-28 12:26:31
8fb079f7-c451-4413-b553-390d2bdb4eb0,lv_hub,smart_communication_box,PylonTech,1,2025-11-27 15:07:15,2025-11-28 12:26:31
90312345-f04d-45e9-9906-2481b794b918,sg15rs,inverter,Sungrow,1,2025-11-27 15:07:16,2025-11-28 12:26:31
90c96050-1b69-4669-91da-d54723ea5887,lxp4k_hb,inverter,Luxpower,1,2025-11-27 15:07:15,2025-11-28 12:26:31
9149ee72-4b19-41da-a100-e098cf9133fa,sg3.0rt,inverter,Sungrow,1,2025-11-27 15:07:16,2025-11-28 12:26:31
9174b2e2-5095-4293-8aca-3064591523d9,sh5.0rt,inverter,Sungrow,1,2025-11-27 15:07:16,2025-11-28 12:26:31
92a6a897-8164-4187-b195-1f9f6a48a304,sh8.0rt_20,inverter,Sungrow,1,2025-11-27 15:07:16,2025-11-28 12:26:31
92d97f8f-5a0c-4eb1-884e-fadd1b7e08bd,s5_gc33k,inverter,Solis,1,2025-11-27 15:07:16,2025-11-28 12:26:31
96db9607-7c9f-4b30-a8aa-5a4f7ae57d27,25ktlx_g3,inverter,Sofar,1,2025-11-27 15:07:16,2025-11-28 12:26:31
97f96266-6dec-4c07-88fe-821b0fc60190,8.8ktlx_g3,inverter,Sofar,1,2025-11-27 15:07:16,2025-11-28 12:26:31
98b7c4c9-2a5e-4e5d-b902-649c6b3572e0,us5000,battery,PylonTech,1,2025-11-27 15:07:16,2025-11-28 12:26:31
98e6cfbf-e5a5-4f56-9499-82652f661642,hyd_8ktl_3ph,inverter,Sofar,1,2025-11-27 15:07:15,2025-11-28 12:26:12
9970de86-9613-4630-b91c-d7e0692a5d5f,me_6ktl_3ph,inverter,Sofar,1,2025-11-27 15:07:15,2025-11-28 12:26:12
99a93c06-1988-4c54-8083-118372021a1e,epm1_5g,export_power_manager,Solis,1,2025-11-27 15:07:15,2025-11-28 12:26:11
99b010cd-aeb9-4bf1-8eb5-7c9625c536a1,bos_gm5.1,battery,Deye,1,2025-11-27 15:07:15,2025-11-28 12:26:11
9a27a952-b9d0-4b17-9e47-761dfa614d4d,logger3000,logger,Sungrow,1,2025-11-27 15:07:15,2025-11-28 12:26:31
9b2b48c2-0c94-400a-8015-abd49a53dbbe,1600tl_g3,inverter,Sofar,1,2025-11-27 15:07:16,2025-11-28 12:26:31
9b2cd0d9-6067-45f2-9621-50918c6c914b,quattro_24_5000_120_100_100,inverter,Victron,1,2025-11-27 15:07:16,2025-11-28 12:26:31
9b87104c-f905-4745-8488-543477bd2a15,24ktlx_g3_a,inverter,Sofar,1,2025-11-27 15:07:16,2025-11-28 12:26:31
9c703e9c-77ca-444e-a65e-5b2b9f8bb5d4,primo_3.0_1,inverter,Fronius,1,2025-11-27 15:07:16,2025-11-28 12:26:11
9c831aae-8767-4fb5-9c7b-efba50192681,4.6ktlm_g3,inverter,Sofar,1,2025-11-27 15:07:16,2025-11-28 12:26:31
9d295885-c52a-4949-8e00-1a6176335d17,sun_8k_sg01hp3,inverter,Deye,1,2025-11-27 15:07:16,2025-11-28 12:26:31
9d78aef8-75bb-4c0a-b831-848acb2abf7e,36k_5g,inverter,Solis,1,2025-11-27 15:07:16,2025-11-28 12:26:31
9df28f28-70b7-42ba-95d6-c48fc3982de2,10ktlx_g3_a,inverter,Sofar,1,2025-11-27 15:07:16,2025-11-28 12:26:31
9e09bc0b-3ffc-470f-91d7-7d050f746796,sun_30k_sg01hp3,inverter,Deye,1,2025-11-27 15:07:16,2025-11-28 12:26:31
a05d898a-d493-4e1e-9a28-0338de3829e8,bts_e20_ds5,battery,Sofar,1,2025-11-27 15:07:15,2025-11-28 12:26:11
a0a8295c-17fe-410d-b5de-e89d1eb2bb89,symo_advanced_10.0_3_m,inverter,Fronius,1,2025-11-27 15:07:15,2025-11-28 12:26:11
a0da5a79-1dcb-4bbe-a5bc-769eacbe169f,sun_20k_sg05lp3_sm2,inverter,Deye,1,2025-11-27 15:07:16,2025-11-28 12:26:31
a11ede2b-4f5f-4450-9480-5641b092031d,luna2000_21,battery,Huawei,1,2025-11-27 15:07:15,2025-11-28 12:26:31
a132f32a-69dd-409f-8125-aaebbf5610ea,s5_gr3p6k,inverter,Solis,1,2025-11-27 15:07:16,2025-11-28 12:26:31
a1599e17-5422-4f58-b124-5699429d44d7,sun_3.6k_sg05lp1,inverter,Deye,1,2025-11-27 15:07:16,2025-11-28 12:26:31
a38e3175-3d2f-43d0-91e5-e26b3312ab49,100ktlx_g4,inverter,Sofar,1,2025-11-27 15:07:16,2025-11-28 12:26:31
a3e17551-0921-4f80-bb8c-416d2759ac13,bos_g20,battery,Deye,1,2025-11-27 15:07:15,2025-11-28 12:26:11
a46fa82d-bbd7-4c0e-8e4f-0658150b0f36,bos_g45,battery,Deye,1,2025-11-27 15:07:15,2025-11-28 12:26:11
a5134e2d-e148-4bee-bc16-e74efcc4d457,powercube_h1_(720v50ah),battery,PylonTech,1,2025-11-27 15:07:16,2025-11-28 12:26:31
a57f826c-3647-487e-afd8-35bd5025ba26,sun_16k_sg05lp3_sm2,inverter,Deye,1,2025-11-27 15:07:16,2025-11-28 12:26:31
a58a6fe7-e96e-4b5a-83f7-3567c249b226,primo_3.6_1,inverter,Fronius,1,2025-11-27 15:07:16,2025-11-28 12:26:11
a64eeed1-2ffd-4f97-b63d-5d6a6a886c83,sh5.0rs,inverter,Sungrow,1,2025-11-27 15:07:16,2025-11-28 12:26:31
a784443c-2c41-4d0e-b9f6-58de46df3d50,5k_hybrid,inverter,Luxpower,1,2025-11-27 15:07:15,2025-11-28 12:26:11
a8a5d43d-489f-4cb9-ac7c-ff117a93d932,bos_g25,battery,Deye,1,2025-11-27 15:07:15,2025-11-28 12:26:11
a8d2caf6-8add-462d-98b6-c61e502d3480,3300tl_g3,inverter,Sofar,1,2025-11-27 15:07:16,2025-11-28 12:26:31
a972183f-09b9-4a7c-86e6-ee5c1a4569af,20000tl_sx,inverter,Sofar,1,2025-11-27 15:07:16,2025-11-28 12:26:31
a9736228-0716-42d7-8cf8-b0e7ede666db,7ktlm_g3,inverter,Sofar,1,2025-11-27 15:07:16,2025-11-28 12:26:31
ab2e3a47-d5d3-4b23-9bb7-636b9b994791,s5_gr3p4k,inverter,Solis,1,2025-11-27 15:07:16,2025-11-28 12:26:31
ac215150-e41f-44ca-a2a5-d1b63b6199bb,multiplus_24_800_16,inverter,Victron,1,2025-11-27 15:07:15,2025-11-28 12:26:31
aca525f1-c923-4ac7-bcbe-f0109dc72765,multiplus_24_2000_50,inverter,Victron,1,2025-11-27 15:07:15,2025-11-28 12:26:31
acb58598-830b-4b1b-afa3-64353c6d79a6,tauro_eco_100_3_d,inverter,Fronius,1,2025-11-27 15:07:15,2025-11-28 12:26:11
af473030-5d65-45fd-aa44-311c6bf960f1,sg5.0rt,inverter,Sungrow,1,2025-11-27 15:07:16,2025-11-28 12:26:31
b0127acf-5d11-4280-96e7-630d299311a4,sun_8k_sg01lp1,inverter,Deye,1,2025-11-27 15:07:16,2025-11-28 12:26:31
b07fdbfc-eb99-4be5-bc3d-ec6b06ef3486,luna2000_5,battery,Huawei,1,2025-11-27 15:07:15,2025-11-28 12:26:31
b1a5bfca-c972-40ab-8781-3e4824688971,b4850,battery,Dyness,1,2025-11-27 15:07:15,2025-11-28 12:26:11
b1d1fd67-6ed7-4f3b-9ca0-99516c65baac,sh4.0rs,inverter,Sungrow,1,2025-11-27 15:07:16,2025-11-28 12:26:31
b2b7a881-aa7e-4e1b-82fb-d534b5905c29,sg10rs,inverter,Sungrow,1,2025-11-27 15:07:16,2025-11-28 12:26:31
b2ec9c3c-8f7f-4d2e-a4e0-0a6b6ea0fbbb,3ktlm_g3,inverter,Sofar,1,2025-11-27 15:07:16,2025-11-28 12:26:31
b3bbb985-7f45-4ed5-951f-0c9119736633,sun_35k_sg01hp3,inverter,Deye,1,2025-11-27 15:07:16,2025-11-28 12:26:31
b3cbcd8f-2c75-4800-b3bb-9b1d3b69c0a6,primo_4.6_1,inverter,Fronius,1,2025-11-27 15:07:16,2025-11-28 12:26:11
b480c109-969c-4f94-9b43-0faabbbe6d7a,symo_5.0_3_m,inverter,Fronius,1,2025-11-27 15:07:15,2025-11-28 12:26:11
b4813e14-cec6-44c0-b18d-97c1220a79ba,48_10000_140_100_100,inverter,Victron,1,2025-11-27 15:07:15,2025-11-28 12:26:11
b57ca959-a601-4fcb-ba53-9136e6757f1d,3.3ktlx_g3,inverter,Sofar,1,2025-11-27 15:07:16,2025-11-28 12:26:31
b6065597-3274-4da7-8c09-bd364bd36ba8,hvb750v_100a,battery,Deye,1,2025-11-27 15:07:15,2025-11-28 12:26:11
b6526705-0577-400b-b950-9c759c6f6b15,multiplus_12_500_20,inverter,Victron,1,2025-11-27 15:07:15,2025-11-28 12:26:31
b984d658-72c5-4759-a774-36fa295a4e5e,33k_5g,inverter,Solis,1,2025-11-27 15:07:16,2025-11-28 12:26:31
ba0f4a48-7987-4f60-9a8f-8ed952d8d713,logger1000b,logger,Sungrow,1,2025-11-27 15:07:15,2025-11-28 12:26:31
ba8bcf97-60c9-4aca-831d-9ba3191d43ac,s5_gr3p10k,inverter,Solis,1,2025-11-27 15:07:16,2025-11-28 12:26:31
ba8ea3c2-0d9a-4c0d-b53a-3d6fd69dd4ac,5ktlx_g3_a,inverter,Sofar,1,2025-11-27 15:07:16,2025-11-28 12:26:31
baa2899c-02fc-47ae-b60c-e592ee74e244,s5_gc100k,inverter,Solis,1,2025-11-27 15:07:16,2025-11-28 12:26:31
bb033292-b52f-4e17-8ef7-d32dda6b8e64,17ktlx_g3,inverter,Sofar,1,2025-11-27 15:07:16,2025-11-28 12:26:31
bb2d9b8b-7cb5-408a-8a69-422963aa4f53,9ktlm_g3,inverter,Sofar,1,2025-11-27 15:07:16,2025-11-28 12:26:31
bc70bf6f-1498-4fa2-8667-8e16245449d0,15ktlx_g3,inverter,Sofar,1,2025-11-27 15:07:16,2025-11-28 12:26:31
bcdc9c16-edce-41c8-9edb-263c96a27677,rhi_3p8k_hves_5g,inverter,Solis,1,2025-11-27 15:07:16,2025-11-28 12:26:31
bd14275c-54e1-48e7-9b2b-03588dc623c7,sun_20k_sg01hp3,inverter,Deye,1,2025-11-27 15:07:16,2025-11-28 12:26:31
be3b8a9e-f65f-424e-b16c-c76f509e17ee,h32148,battery,PylonTech,1,2025-11-27 15:07:15,2025-11-28 12:26:12
bf6b1cff-ffc4-4ab8-b36d-11521983ac5f,c12_800_35,inverter,Victron,1,2025-11-27 15:07:15,2025-11-28 12:26:11
c067ba7c-fb1d-48eb-84d3-4d3879dc69c0,s5_gr3p20k,inverter,Solis,1,2025-11-27 15:07:16,2025-11-28 12:26:31
c095b77b-1eb8-410c-ae08-51bd49d58773,sg3.0rs_s,inverter,Sungrow,1,2025-11-27 15:07:16,2025-11-28 12:26:31
c0e9de0c-a504-4472-a022-7ee4ed48630b,3p17k_4g,inverter,Solis,1,2025-11-27 15:07:16,2025-11-28 12:26:31
c0f263f4-f185-44be-9e49-33c4ba2e58f0,50k_lv_5g,inverter,Solis,1,2025-11-27 15:07:16,2025-11-28 12:26:31
c1262d63-39b4-4e22-95c8-9e51bdb96c2f,sun_15k_sg05lp3_sm2,inverter,Deye,1,2025-11-27 15:07:16,2025-11-28 12:26:31
c15548bf-0a37-427b-a334-5b857c9e7eb9,s5_eh1p3.6k_l,inverter,Solis,1,2025-11-27 15:07:16,2025-11-28 12:26:31
c23721e7-3351-4d8a-b958-cbebd04d0fe6,sg40cx_p2(5),inverter,Sungrow,1,2025-11-27 15:07:16,2025-11-28 12:26:31
c23a389e-8abc-4f55-8947-bfb54899b54f,3p3k_4g,inverter,Solis,1,2025-11-27 15:07:16,2025-11-28 12:26:31
c25dfed6-c4f0-45d2-a79a-fb83148998b0,symo_20.0_3_m,inverter,Fronius,1,2025-11-27 15:07:15,2025-11-28 12:26:11
c2d51233-083b-4bec-9d22-321e63ca0812,sc1000_100s_v2,battery,PylonTech,1,2025-11-27 15:07:16,2025-11-28 12:26:31
c338a37d-c8de-4792-b28d-5a99d2b9abdd,quattro_48_3000_35_50_30,inverter,Victron,1,2025-11-27 15:07:16,2025-11-28 12:26:31
c65c8d30-0374-4887-8f39-abfde955bd71,symo_3.7_3_m,inverter,Fronius,1,2025-11-27 15:07:15,2025-11-28 12:26:11
c81d3367-ba65-4eb8-84c0-612d9619b4d4,multiplus_c12_2000_80,inverter,Victron,1,2025-11-27 15:07:16,2025-11-28 12:26:31
c862f0dd-5e11-4675-8f3c-1505c5ecf415,cerbo,logger,Victron,1,2025-11-27 15:07:15,2025-11-28 12:26:11
c8771426-29c7-455d-9a58-4b48f01662c0,125ktlx_g4_a,inverter,Sofar,1,2025-11-27 15:07:16,2025-11-28 12:26:31
c8aafe7d-4000-468f-a669-b4d1bb2011f5,epm1_2g,export_power_manager,Solis,1,2025-11-27 15:07:15,2025-11-28 12:26:11
c96e3fcc-5432-43c7-845b-f0a4baa573f6,2700tl_g3,inverter,Sofar,1,2025-11-27 15:07:16,2025-11-28 12:26:31
c9b8f79f-a80a-400b-b259-c84738443070,hyd_5ktl_3ph,inverter,Sofar,1,2025-11-27 15:07:15,2025-11-28 12:26:12
cae98494-fcf3-4084-b4b5-5f45d5656b73,sun_6k_sg05lp1,inverter,Deye,1,2025-11-27 15:07:16,2025-11-28 12:26:31
cbac3b44-ba44-4422-9135-9285fdc38a75,multiplus_c24_1200_25,inverter,Victron,1,2025-11-27 15:07:16,2025-11-28 12:26:31
cc0c46c6-5110-41d9-b4f0-6fd66a3b48cd,symo_advanced_12.5_3_m,inverter,Fronius,1,2025-11-27 15:07:15,2025-11-28 12:26:11
ccf5d96b-afdd-46bf-b260-a8be2d9d5165,7.7ktlm_g3,inverter,Sofar,1,2025-11-27 15:07:16,2025-11-28 12:26:31
cd7f852a-6ca6-45e5-ae21-37c98708fb50,verto_36,inverter,Fronius,1,2025-11-27 15:07:16,2025-11-30 21:31:49
ceeda23b-7ce6-40b9-91b6-0848aef5b167,6k_hybrid,inverter,Luxpower,1,2025-11-27 15:07:15,2025-11-28 12:26:11
cfb463dc-34a4-44db-ae23-18e7d7f3ebcc,5000tlm_g2,inverter,Sofar,1,2025-11-27 15:07:16,2025-11-28 12:26:31
d2028188-a180-4193-a4bb-90ccb03f667e,sun_18k_sg05lp3_sm2,inverter,Deye,1,2025-11-27 15:07:16,2025-11-28 12:26:31
d20ac575-8c31-4758-9a2a-769887ee880f,sar_100,inverter,Sofar,1,2025-11-27 15:07:16,2025-11-28 12:26:31
d2c78419-082c-45e8-a3ab-8e047142643d,s5_gc25k,inverter,Solis,1,2025-11-27 15:07:16,2025-11-28 12:26:31
d2e6d2a1-9e23-4446-a092-80182a4de5b3,3p20k_4g,inverter,Solis,1,2025-11-27 15:07:16,2025-11-28 12:26:31
d31badd7-895e-4d61-bd31-653d17d0dcd6,s5_gc30k,inverter,Solis,1,2025-11-27 15:07:16,2025-11-28 12:26:31
d3e9c541-00a4-45e2-9d2b-65d68f1f7a3b,125k_hv_5g,inverter,Solis,1,2025-11-27 15:07:16,2025-11-28 12:26:31
d6b6d1b5-81bc-4acd-a012-1a9afb066ec9,multiplus_48_500_6,inverter,Victron,1,2025-11-27 15:07:16,2025-11-28 12:26:31
d78e46e6-4b21-4a2f-b738-ba685e0a5ad1,symo_3.7_3_s,inverter,Fronius,1,2025-11-27 15:07:15,2025-11-28 12:26:11
d7ae660e-4a36-423a-ae16-9ff1d9a71079,verto_30,inverter,Fronius,1,2025-11-27 15:07:16,2025-11-30 21:31:45
d892b01a-37b2-47c4-952e-737fba4a340f,8ktlm_g3,inverter,Sofar,1,2025-11-27 15:07:16,2025-11-28 12:26:31
d8f2bbb7-34f7-4067-9c7f-739bfb729688,multiplus_24_1600_40,inverter,Victron,1,2025-11-27 15:07:15,2025-11-28 12:26:31
da8aeeaf-75d3-4d2f-b673-d862bd39ec8c,sh5t,inverter,Sungrow,1,2025-11-27 15:07:16,2025-11-28 12:26:31
daa8f1b2-9c0c-4506-923a-ca0f634bc672,multiplus_12_2000_80,inverter,Victron,1,2025-11-27 15:07:15,2025-11-28 12:26:31
db87c5fd-c735-4400-973c-80d577633f8d,5ktlm_g3_a,inverter,Sofar,1,2025-11-27 15:07:16,2025-11-28 12:26:31
db88d7c4-be7b-4603-9728-21dfa64be89f,sna5000,inverter,Luxpower,1,2025-11-27 15:07:16,2025-11-28 12:26:31
dc70ff53-7258-41ea-b748-fefbb10ff2b9,sc1000_100s,battery,PylonTech,1,2025-11-27 15:07:16,2025-11-28 12:26:31
dc7f47a0-f4dc-46e4-a11d-c08e09ddef5b,multiplus_12_1200_50,inverter,Victron,1,2025-11-27 15:07:15,2025-11-28 12:26:31
dcd3e8dc-5ea2-49eb-b55f-2181ded42dc9,multiplus_c24_2000_50,inverter,Victron,1,2025-11-27 15:07:16,2025-11-28 12:26:31
de3074aa-aeeb-4699-a785-99d0f4271d7e,2200tl_g3,inverter,Sofar,1,2025-11-27 15:07:16,2025-11-28 12:26:31
de5a9021-b231-4540-9732-d058b7b592c7,sg17rs,inverter,Sungrow,1,2025-11-27 15:07:16,2025-11-28 12:26:31
e1561a5b-44ed-4388-a3d1-0a3299204e2f,sun_5k_sg05lp1,inverter,Deye,1,2025-11-27 15:07:16,2025-11-28 12:26:31
e218f55e-52cd-4fc6-82ed-1daf29f9b5c6,sh20t,inverter,Sungrow,1,2025-11-27 15:07:16,2025-11-28 12:26:31
e37860ac-2060-413c-85b6-ff090bc682bf,sg3.6rs,inverter,Sungrow,1,2025-11-27 15:07:16,2025-11-28 12:26:31
e3984269-c837-4fc0-ba81-a08aa6c4b12f,sg20rt,inverter,Sungrow,1,2025-11-27 15:07:16,2025-11-28 12:26:31
e3db644c-f0e4-450b-87c3-7bf31032d879,primo_6.0_1,inverter,Fronius,1,2025-11-27 15:07:16,2025-11-28 12:26:12
e4232dae-6f28-4e74-af5f-2abf8dc8a7f9,100k_5g,inverter,Solis,1,2025-11-27 15:07:16,2025-11-28 12:26:31
e48f43b8-92e0-4950-846e-4ac170496224,3.6ktlm_g3,inverter,Sofar,1,2025-11-27 15:07:16,2025-11-28 12:26:31
e4abe433-23c9-40b6-a781-69bfe56dae44,s5_eh1p6k_l,inverter,Solis,1,2025-11-27 15:07:16,2025-11-28 12:26:31
e4e55b47-6758-41e7-9b8e-993ccf349d60,rhi_6k_48es_5g,inverter,Solis,1,2025-11-27 15:07:16,2025-11-28 12:26:31
e50c4b5e-361a-433e-ab0f-cc02e502a15f,sg50cx_p2,inverter,Sungrow,1,2025-11-27 15:07:16,2025-11-28 12:26:31
e67b7111-2802-4fe3-bbaf-52d004a46a7a,sun_6k_sg03lp1,inverter,Deye,1,2025-11-27 15:07:16,2025-11-28 12:26:31
e6f55eff-c362-4754-b3d8-c658f9816296,3p10k_4g,inverter,Solis,1,2025-11-27 15:07:16,2025-11-28 12:26:31
e7149b03-c259-43c8-b7c2-6096fc7fa1f1,sh12t,inverter,Sungrow,1,2025-11-27 15:07:16,2025-11-28 12:26:31
e7b88d9f-c387-4bc4-b867-993e9b95cca8,3p10k_4g_be,inverter,Solis,1,2025-11-27 15:07:16,2025-11-28 12:26:31
e8446bb3-be8d-4ab9-9169-d1d7de717bb6,lxp5k_hb,inverter,Luxpower,1,2025-11-27 15:07:15,2025-11-28 12:26:31
e8ac1c19-12aa-4b01-9cf0-9f95b9c23719,sun_50k_sg01hp3,inverter,Deye,1,2025-11-27 15:07:16,2025-11-28 12:26:31
e981fc08-e904-4684-9c6f-e8e8663d4d8c,3p10k_4g_lv,inverter,Solis,1,2025-11-27 15:07:16,2025-11-28 12:26:31
eaf98dde-f0c5-4405-a497-6a8be092d7b9,sun_6k_sg04lp3,inverter,Deye,1,2025-11-27 15:07:16,2025-11-28 12:26:31
eb789c8b-1f0f-41c4-9bea-26b42a36b001,verto_27,inverter,Fronius,1,2025-11-27 15:07:16,2025-11-30 21:31:42
ec402fc5-c751-467d-bcd3-6a80aa3d6d65,quattro_48_5000_70_100_100,inverter,Victron,1,2025-11-27 15:07:16,2025-11-28 12:26:31
ec579977-7756-4a0f-b811-60e7c5bad276,3p8k_4g,inverter,Solis,1,2025-11-27 15:07:16,2025-11-28 12:26:31
ec9b19e3-d6da-484c-8eae-5a04ff94e335,40ktlx_g3,inverter,Sofar,1,2025-11-27 15:07:16,2025-11-28 12:26:31
ed6825a8-141e-476d-8d23-9296dfccb984,3.6k_hybrid,inverter,Luxpower,1,2025-11-27 15:07:15,2025-11-28 12:26:11
edac00f9-39d4-4276-95f9-abf8ef93f01e,symo_hybrid_5.0_3_s,inverter,Fronius,1,2025-11-27 15:07:15,2025-11-28 12:26:11
edffc160-9e5a-40c2-8f35-f16a5545d46a,sun_3.6k_sg03lp1,inverter,Deye,1,2025-11-27 15:07:16,2025-11-28 12:26:31
ef3964a8-1e10-4738-917e-40d714c995c3,rhi_5k_48es_5g,inverter,Solis,1,2025-11-27 15:07:16,2025-11-28 12:26:31
efd3c53e-eb10-4ff2-892d-9d4ff890c486,s5_gr3p3k,inverter,Solis,1,2025-11-27 15:07:16,2025-11-28 12:26:31
f0220f2f-1b6a-4c42-ac68-e798a31a50af,venus,logger,Victron,1,2025-11-27 15:07:16,2025-11-28 12:26:11
f06b55d3-837f-4e0c-ae5e-f70962c9e35d,h48050,battery,PylonTech,1,2025-11-27 15:07:15,2025-11-28 12:26:12
f0845769-b09d-4f0a-807c-197466ace0a3,bts_e5_ds5,battery,Sofar,1,2025-11-27 15:07:15,2025-11-28 12:26:11
f157d85e-5974-4d24-8b4c-fba789320e78,tauro_eco_50_3_p,inverter,Fronius,1,2025-11-27 15:07:15,2025-11-28 12:26:11
f1aaa48a-03de-4f72-acc0-4dea4ddbb549,sna5000,inverter,Luxpower,1,2025-11-27 15:07:16,2025-11-28 12:26:31
f2416624-8761-4438-b5f4-21d902829e5f,bos_g30,battery,Deye,1,2025-11-27 15:07:15,2025-11-28 12:26:11
f2cfa41c-6c45-4bcc-9d93-b263d128cf0b,sh3.0rs,inverter,Sungrow,1,2025-11-27 15:07:16,2025-11-28 12:26:31
f2f61d17-03a3-46aa-bea0-22da57246828,25k_5g,inverter,Solis,1,2025-11-27 15:07:16,2025-11-28 12:26:31
f39446d2-6ae7-43f8-bdaa-856bcd951c01,4ktlm_g3,inverter,Sofar,1,2025-11-27 15:07:16,2025-11-28 12:26:31
f39f53b5-4340-40e9-887f-4874d442884b,me_5ktl_3ph,inverter,Sofar,1,2025-11-27 15:07:15,2025-11-28 12:26:12
f3cb425a-32eb-41fe-a1a5-2437143fd620,sg7.0rt,inverter,Sungrow,1,2025-11-27 15:07:16,2025-11-28 12:26:31
f411cf9e-2820-4188-a23f-061f6dcb5b6f,easysolar_24_1600_40,inverter,Victron,1,2025-11-27 15:07:15,2025-11-28 12:26:11
f463c330-21ed-4419-9128-44513b2c0a0d,110ktlx_g4,inverter,Sofar,1,2025-11-27 15:07:16,2025-11-28 12:26:31
f4ca1e25-2238-41c6-b46b-6281f377faff,symo_advanced_17.5_3_m,inverter,Fronius,1,2025-11-27 15:07:15,2025-11-28 12:26:11
f50a4552-efdb-4e6a-b590-89e59d25a016,sh3.6rs,inverter,Sungrow,1,2025-11-27 15:07:16,2025-11-28 12:26:31
f523dfea-2dcf-4b2c-9a78-da284859c212,multiplus_48_800_9,inverter,Victron,1,2025-11-27 15:07:16,2025-11-28 12:26:31
f531a5c8-4d85-4c31-b2b7-c182e968e778,h48074,battery,PylonTech,1,2025-11-27 15:07:15,2025-11-28 12:26:12
f56162a3-7cd4-43ae-b939-b7c4c2245bfd,3p6k_4g_lv,inverter,Solis,1,2025-11-27 15:07:16,2025-11-28 12:26:31
f578ec1b-aa92-4e7b-ac5a-71f8fe3fddea,sg8.0rt,inverter,Sungrow,1,2025-11-27 15:07:16,2025-11-28 12:26:31
f643d46a-f591-4a6b-b5c9-3812c40b32a7,30ktlx_g3,inverter,Sofar,1,2025-11-27 15:07:16,2025-11-28 12:26:31
f6c0e57e-e0ad-4ec4-8d38-f170b80a7714,sh8.0rt,inverter,Sungrow,1,2025-11-27 15:07:16,2025-11-28 12:26:31
f7cb95ed-2d39-495c-afb6-751881c3caa4,s5_gr3p12k,inverter,Solis,1,2025-11-27 15:07:16,2025-11-28 12:26:31
f7cdc8c6-4395-4902-8b2a-2391129b9746,epm3_2g,export_power_manager,Solis,1,2025-11-27 15:07:15,2025-11-28 12:26:11
f85be8f3-31de-48b0-b9ec-afe60984e76b,luna2000_10,battery,Huawei,1,2025-11-27 15:07:15,2025-11-28 12:26:31
f9e1c7a0-e6f5-4027-919e-c6970117d84c,24ktlx_g3,inverter,Sofar,1,2025-11-27 15:07:16,2025-11-28 12:26:31
f9f9c1ba-664d-4a93-a319-8ccbe26796ca,3000tlm_g2,inverter,Sofar,1,2025-11-27 15:07:16,2025-11-28 12:26:31
fb258310-24c8-4c64-8e8a-9ae8a2d48e82,sg25cx_p2(5),inverter,Sungrow,1,2025-11-27 15:07:16,2025-11-28 12:26:31
fb71f682-ae04-4d97-9298-03f389a1fc54,50ktlx_g3,inverter,Sofar,1,2025-11-27 15:07:16,2025-11-28 12:26:31
fb7ed0eb-47e3-4c0e-9cb8-8aa8a20dbaed,sg6.0rs,inverter,Sungrow,1,2025-11-27 15:07:16,2025-11-28 12:26:31
fc25d733-9cd8-4b15-834a-8e8ba37eaf4b,powercube_x1,battery,PylonTech,1,2025-11-27 15:07:16,2025-11-28 12:26:31
fc92a3f0-1dda-4b7c-9907-f72badc2d773,verto_25,inverter,Fronius,1,2025-11-27 15:07:16,2025-11-30 21:31:39
fcfc87d8-12d0-4524-b828-4e4d0de38d6f,multiplus_ii_24_5000_120_50,inverter,Victron,1,2025-11-27 15:07:16,2025-11-28 12:26:31
fdd4ac4f-0919-4399-8d76-55161157ec97,lxp10k_spec,inverter,Luxpower,1,2025-11-27 15:07:15,2025-11-28 12:26:31
fe39d798-3f71-44ce-92bd-622fb329543f,hyd_15ktl_3ph,inverter,Sofar,1,2025-11-27 15:07:15,2025-11-28 12:26:12
fee0d0b2-31ea-4def-a45b-e111ddb045d8,quattro_48_8000_110_100_100,inverter,Victron,1,2025-11-27 15:07:16,2025-11-28 12:26:31
ffa0927a-2ea2-42d7-8565-df41053db533,quattro_12_3000_120_50_30,inverter,Victron,1,2025-11-27 15:07:16,2025-11-28 12:26:31
